{"mean":{"confidence_interval":{"confidence_level":0.95,"lower_bound":-0.2440912096498086,"upper_bound":-0.23945116029382438},"point_estimate":-0.24162716466462197,"standard_error":0.001182412887252441},"median":{"confidence_interval":{"confidence_level":0.95,"lower_bound":-0.24378103781170957,"upper_bound":-0.2340546673741568},"point_estimate":-0.23861734385196032,"standard_error":0.0033202383555250904}}