{"mean":{"confidence_interval":{"confidence_level":0.95,"lower_bound":-0.020909000738276718,"upper_bound":-0.004175802020617592},"point_estimate":-0.01058663578254826,"standard_error":0.004540225333843981},"median":{"confidence_interval":{"confidence_level":0.95,"lower_bound":-0.007373323648480201,"upper_bound":-0.0035734535949094592},"point_estimate":-0.005571851232017977,"standard_error":0.001013160483278318}}