{"mean":{"confidence_interval":{"confidence_level":0.95,"lower_bound":-0.008374783210045408,"upper_bound":0.010403973012548386},"point_estimate":0.00009954876046047723,"standard_error":0.004941988037723612},"median":{"confidence_interval":{"confidence_level":0.95,"lower_bound":-0.017163595287449485,"upper_bound":0.0017391547644143301},"point_estimate":-0.00978368809759167,"standard_error":0.005875878818223476}}