{"mean":{"confidence_interval":{"confidence_level":0.95,"lower_bound":-0.027840153025832377,"upper_bound":-0.02246039424173464},"point_estimate":-0.025127659102505806,"standard_error":0.0013608806713564165},"median":{"confidence_interval":{"confidence_level":0.95,"lower_bound":-0.02547031559754087,"upper_bound":-0.02089345565174694},"point_estimate":-0.023521769640966084,"standard_error":0.001208266114924606}}