{"mean":{"confidence_interval":{"confidence_level":0.95,"lower_bound":-0.0018779998683576763,"upper_bound":0.0047069330099945945},"point_estimate":0.0011218625208309074,"standard_error":0.0016225872727825413},"median":{"confidence_interval":{"confidence_level":0.95,"lower_bound":-0.005104485768315015,"upper_bound":0.003130482901995439},"point_estimate":-0.0012334922231683754,"standard_error":0.002301981765687342}}