{"mean":{"confidence_interval":{"confidence_level":0.95,"lower_bound":-0.021730395958936617,"upper_bound":-0.013814172987221335},"point_estimate":-0.017861279288410414,"standard_error":0.0020239339273240937},"median":{"confidence_interval":{"confidence_level":0.95,"lower_bound":-0.019536672649128506,"upper_bound":-0.013074623522439432},"point_estimate":-0.016827684298525325,"standard_error":0.001750764498830245}}