{"mean":{"confidence_interval":{"confidence_level":0.95,"lower_bound":-0.0038317721763865206,"upper_bound":-0.0008552777940362249},"point_estimate":-0.002217064442279759,"standard_error":0.0007594253371189756},"median":{"confidence_interval":{"confidence_level":0.95,"lower_bound":-0.0009285780937282606,"upper_bound":0.0011078905058028443},"point_estimate":-0.00010861949025786632,"standard_error":0.0005486446442341637}}