{"mean":{"confidence_interval":{"confidence_level":0.95,"lower_bound":-0.0090407036629211,"upper_bound":-0.00046570762523053617},"point_estimate":-0.004787920613771535,"standard_error":0.0021919462445530017},"median":{"confidence_interval":{"confidence_level":0.95,"lower_bound":-0.008640859834269876,"upper_bound":-0.0004753853049280776},"point_estimate":-0.004402402111103321,"standard_error":0.001923533645954403}}