{"mean":{"confidence_interval":{"confidence_level":0.95,"lower_bound":-0.0007484181760533115,"upper_bound":-0.000010174668602727683},"point_estimate":-0.000370984668884522,"standard_error":0.0001877136649335206},"median":{"confidence_interval":{"confidence_level":0.95,"lower_bound":-0.0001973012008088526,"upper_bound":0.00008744149256467715},"point_estimate":-0.00009315900112427666,"standard_error":0.00006876972422649704}}