{"mean":{"confidence_interval":{"confidence_level":0.95,"lower_bound":-0.012021862844822869,"upper_bound":-0.00985610352258568},"point_estimate":-0.010934603638504292,"standard_error":0.0005540828804034918},"median":{"confidence_interval":{"confidence_level":0.95,"lower_bound":-0.011809847018302011,"upper_bound":-0.010874499900480058},"point_estimate":-0.011471386534118055,"standard_error":0.0002479857863804086}}