{"mean":{"confidence_interval":{"confidence_level":0.95,"lower_bound":0.048440048982579434,"upper_bound":0.05587906175841729},"point_estimate":0.05227575053254907,"standard_error":0.0018893876166331933},"median":{"confidence_interval":{"confidence_level":0.95,"lower_bound":0.04692355078437199,"upper_bound":0.06157510146238088},"point_estimate":0.05687483893446221,"standard_error":0.004808328635132253}}