{"mean":{"confidence_interval":{"confidence_level":0.95,"lower_bound":-0.1116618895258546,"upper_bound":-0.10733761880275894},"point_estimate":-0.10929986117296464,"standard_error":0.0011054545241931996},"median":{"confidence_interval":{"confidence_level":0.95,"lower_bound":-0.1071968137987731,"upper_bound":-0.10611562317146273},"point_estimate":-0.10648272547983617,"standard_error":0.0002812858470965042}}