{"mean":{"confidence_interval":{"confidence_level":0.95,"lower_bound":-0.04838575060459397,"upper_bound":-0.02017394241657833},"point_estimate":-0.032037217418528496,"standard_error":0.007366025794440845},"median":{"confidence_interval":{"confidence_level":0.95,"lower_bound":-0.028197364602544295,"upper_bound":-0.017816035337460456},"point_estimate":-0.025801770917473044,"standard_error":0.002911226804227475}}