{"mean":{"confidence_interval":{"confidence_level":0.95,"lower_bound":0.009472591785544349,"upper_bound":0.014360719512759449},"point_estimate":0.011898878742620633,"standard_error":0.001249076665897318},"median":{"confidence_interval":{"confidence_level":0.95,"lower_bound":0.005804350070150344,"upper_bound":0.01414153841143273},"point_estimate":0.011138628452270538,"standard_error":0.002150471499991913}}