{"mean":{"confidence_interval":{"confidence_level":0.95,"lower_bound":-0.008930127223382283,"upper_bound":-0.0015929442106315916},"point_estimate":-0.005369248646608926,"standard_error":0.0018724978506690427},"median":{"confidence_interval":{"confidence_level":0.95,"lower_bound":-0.006505873874591672,"upper_bound":0.0004746395593171471},"point_estimate":-0.004397829755882321,"standard_error":0.0018312951300792021}}