{"mean":{"confidence_interval":{"confidence_level":0.95,"lower_bound":-0.03809775408371363,"upper_bound":-0.03004298878892231},"point_estimate":-0.03414099235947521,"standard_error":0.0020312366879604218},"median":{"confidence_interval":{"confidence_level":0.95,"lower_bound":-0.03618075736210302,"upper_bound":-0.029881665060340953},"point_estimate":-0.031873846536396355,"standard_error":0.001633946948391067}}