{"mean":{"confidence_interval":{"confidence_level":0.95,"lower_bound":-0.015361158788350695,"upper_bound":0.015238510512576277},"point_estimate":-0.0018706009459930062,"standard_error":0.007657474996769454},"median":{"confidence_interval":{"confidence_level":0.95,"lower_bound":-0.01299262181558336,"upper_bound":-0.004517827538980866},"point_estimate":-0.009280987663527251,"standard_error":0.002129932403279517}}