{"mean":{"confidence_interval":{"confidence_level":0.95,"lower_bound":-0.016269365709309334,"upper_bound":-0.0073813629828093155},"point_estimate":-0.012171462293467439,"standard_error":0.0022402335495799552},"median":{"confidence_interval":{"confidence_level":0.95,"lower_bound":-0.008146395743025892,"upper_bound":-0.005648631434929219},"point_estimate":-0.006825752304701838,"standard_error":0.0006363724271399063}}