{"mean":{"confidence_interval":{"confidence_level":0.95,"lower_bound":-0.015262809934194323,"upper_bound":-0.009603713883945125},"point_estimate":-0.01228679834551949,"standard_error":0.0014405211627277637},"median":{"confidence_interval":{"confidence_level":0.95,"lower_bound":-0.017180822777988825,"upper_bound":-0.008189526741494368},"point_estimate":-0.010179296356395362,"standard_error":0.0027284823594556813}}